Category,Topic,530e Inspiring,520d M Sport,530e M Sport
เครื่องยนต์และสมรรถนะ,ชนิดเครื่องยนต์,เครื่องยนต์เบนซิน 4 สูบ เทคโนโลยี BMW TwinPower Turbo,เครื่องยนต์ดีเซล 4 สูบ เทคโนโลยี BMW TwinPower Turbo,เครื่องยนต์เบนซิน 4 สูบ เทคโนโลยี BMW TwinPower Turbo
เครื่องยนต์และสมรรถนะ,ปริมาตรกระบอกสูบ (ลูกบาศก์เซนติเมตร),"1,998","1,995","1,998"
เครื่องยนต์และสมรรถนะ,กำลังสูงสุด (กิโลวัตต์/แรงม้า/รอบต่อนาที),"140 / 190 / 4,400 - 6,500","145 / 197 / 4,000","140 / 190 / 4,400 - 6,500"
เครื่องยนต์และสมรรถนะ,แรงบิดสูงสุด (นิวตันเมตร/รอบต่อนาที),"310 / 1,500 - 4,000","400 / 1,500 - 2,750","310 / 1,500 - 4,000"
เครื่องยนต์และสมรรถนะ,กำลังมอเตอร์ไฟฟ้าสูงสุด (กิโลวัตต์/แรงม้า),135 / 184,8 / 11,135 / 184
เครื่องยนต์และสมรรถนะ,แรงบิดมอเตอร์ไฟฟ้าสูงสุด (นิวตันเมตร),250,25,250
เครื่องยนต์และสมรรถนะ,"ระยะทางขับเคลื่อนไฟฟ้า, มาตรฐาน NEDC (กิโลเมตร)",108,-,108
เครื่องยนต์และสมรรถนะ,"ระยะทางขับเคลื่อนไฟฟ้า, มาตรฐาน WLTP (กิโลเมตร)",87 - 102,-,87 - 102
เครื่องยนต์และสมรรถนะ,ความจุพลังงานแบตเตอรี่ไฟฟ้าแรงสูง (กิโลวัตต์-ชั่วโมง),22.1,-,22.1
เครื่องยนต์และสมรรถนะ,กำลังรวมสูงสุด (กิโลวัตต์/แรงม้า),220 / 299,145 / 197,220 / 299
เครื่องยนต์และสมรรถนะ,แรงบิดรวมสูงสุด (นิวตันเมตร),450,400,450
เครื่องยนต์และสมรรถนะ,ความเร็วสูงสุด (กิโลเมตร/ชั่วโมง),230,233,230
เครื่องยนต์และสมรรถนะ,ความเร็วสูงสุดในการขับขี่แบบไฟฟ้า (กิโลเมตร/ชั่วโมง),140,-,140
เครื่องยนต์และสมรรถนะ,อัตราเร่ง 0 - 100 กิโลเมตร/ชั่วโมง (วินาที),6.3,7.3,6.3
เครื่องยนต์และสมรรถนะ,"อัตราการใช้ไฟฟ้า, มาตรฐาน NEDC (กิโลวัตต์-ชั่วโมง/100 กิโลเมตร)",18.6,-,18.6
เครื่องยนต์และสมรรถนะ,"อัตราการใช้ไฟฟ้า, มาตรฐาน WLTP (กิโลวัตต์-ชั่วโมง/100 กิโลเมตร)",21.4 - 18.9,-,21.4 - 18.9
อัตราสิ้นเปลืองน้ำมันเชื้อเพลิง และระดับการปล่อย CO2,อัตราสิ้นเปลืองน้ำมันเชื้อเพลิงเฉลี่ย - อ้างอิงผล ECO Sticker (กิโลเมตร/ลิตร),76.9,18.5,76.9
อัตราสิ้นเปลืองน้ำมันเชื้อเพลิง และระดับการปล่อย CO2,ระดับการปล่อย CO2 เฉลี่ย (กรัม/กิโลเมตร),29,142,29
ล้อและยาง,ล้อ,ล้ออัลลอย aerodynamic ขนาด 20 นิ้ว แบบสลับสี สี Titanium Bronze,ล้ออัลลอย M ขนาด 20 นิ้ว ลาย Star-spoke แบบสลับสี สี Jet Black,ล้ออัลลอย M aerodynamic ขนาด 20 นิ้ว แบบสลับสี สี Black Grey
ล้อและยาง,ขนาดยาง,ล้อหน้า: 8.5 J × 20 / ยาง: 245/40 R 20 ล้อหลัง: 10J × 20 / ยาง: 275/35 R 20,ล้อหน้า: 8.5 J × 20 / ยาง: 245/40 R 20 ล้อหลัง: 10J × 20 / ยาง: 275/35 R 20,"ล้อหน้า: 8.5 J x 20 / ยาง: 245/40 R 20, ล้อหลัง: 10J x 20 / ยาง: 275/35 R 20"
มิติรถยนต์,มิติรถยนต์ ยาว/กว้าง/สูง (มิลลิเมตร),"5,060 / 1,900 / 1,515","5,060 / 1,900 / 1,515","5,060 / 1,900 / 1,515"
มิติรถยนต์,ปริมาตรในการบรรจุของ (ลิตร),520,520,520
มิติรถยนต์,น้ำหนักสุทธิ (กิโลกรัม),"2,080","1,850","2,080"
ระบบขับเคลื่อนและเทคโนโลยี,เกียร์อัตโนมัติแบบ Steptronic พร้อม Gearshift Paddles,■,■,■
ระบบขับเคลื่อนและเทคโนโลยี,ช่วงล่าง M Sport,-,■,-
ระบบขับเคลื่อนและเทคโนโลยี,ช่วงล่าง Adaptive Suspension Professional,-,-,■
ระบบขับเคลื่อนและเทคโนโลยี,ระบบช่วยการขับขี่ (Driving Assistant),■,■,-
ระบบขับเคลื่อนและเทคโนโลยี,ระบบช่วยการขับขี่ รุ่น Professional (Driving Assistant Professional),-,-,■
ระบบขับเคลื่อนและเทคโนโลยี,ระบบช่วยนำรถเข้าที่จอดอัตโนมัติ รุ่น Plus (Parking Assistant Plus),■,■,■
อุปกรณ์ภายนอก,ระบบไฟหน้า LED อัจฉริยะ (Adaptive LED),■,■,■
อุปกรณ์ภายนอก,ระบบปรับการทำงานไฟสูงอัตโนมัติ (High-beam Assistant),■,■,■
อุปกรณ์ภายนอก,คาลิเปอร์เบรกดีไซน์ M Sport สี dark blue metallic,-,■,■
อุปกรณ์ภายนอก,ระบบเปิด-ปิดบานประตูท้ายอัตโนมัติด้วยระบบไฟฟ้า,■,■,■
อุปกรณ์ภายนอก,ระบบปลดล็อกประตูอัจฉริยะ (Comfort Access System),■,■,■
อุปกรณ์ภายนอก,ชุดตกแต่งภายนอกแบบ Iconic Glow,■,■,■
อุปกรณ์ภายนอก,หลังคากระจก Panorama,-,-,■
อุปกรณ์ภายนอก,สปอยเลอร์หลังดีไซน์ M,-,■,■
อุปกรณ์ภายนอก,ชุดตกแต่งภายนอกแบบ M Sport,-,■,■
อุปกรณ์ภายนอก,ภายนอกตกแต่งด้วยวัสดุสีดำเงา,-,■,■
อุปกรณ์ภายนอก,ภายนอกตกแต่งด้วยวัสดุสีไทเทเนียม Titanium Bronze,■,-,-
อุปกรณ์ภายใน,พวงมาลัยหุ้มหนังดีไซน์ M,-,■,■
อุปกรณ์ภายใน,เบาะนั่งตอนหน้าดีไซน์ Sport,■,■,-
อุปกรณ์ภายใน,เบาะนั่งตอนหน้าแบบ Comfort ปรับไฟฟ้า,-,-,■
อุปกรณ์ภายใน,เบาะนั่งตอนหน้าปรับไฟฟ้าพร้อมระบบจำตำแหน่งเฉพาะฝั่งคนขับ,■,■,-
อุปกรณ์ภายใน,ภายในตกแต่งดีไซน์ M Sport,-,■,■
อุปกรณ์ภายใน,ภายในตกแต่งด้วยสี Dark Silver M ผสมกับอลูมิเนียม ลาย Rhombicle,-,■,-
อุปกรณ์ภายใน,ภายในตกแต่งด้วยสี Dark Silver M ผสมกับ Carbon Fibre ถักด้วยวัสดุสีเงินแบบ M,-,-,■
อุปกรณ์ภายใน,ภายในตกแต่งด้วยสี Dark Silver M ผสมกับ Fine-Wood สี Dark Oak แบบเงา,■,-,-
อุปกรณ์ภายใน,กระจกมองข้างฝั่งคนขับและกระจกมองหลังตัดแสงอัตโนมัติ,■,■,■
อุปกรณ์ภายใน,เพดานหลังคาภายในดีไซน์ M สี Anthracite,-,■,■
อุปกรณ์ภายใน,ชุดไฟส่องสว่างภายในและภายนอกห้องโดยสาร (Ambient Light),■,■,■
อุปกรณ์ภายใน,ภายในตกแต่งด้วยผลึกแก้ว 'CraftedClarity',■,■,■
อุปกรณ์ภายใน,ม่านบังแดดที่ประตูหลังและกระจกหลัง,■,■,■
อุปกรณ์ภายใน,ระบบ Travel & Comfort,■,■,■
อุปกรณ์ภายใน,ระบบปรับอากาศอัตโนมัติแบบ 4 โซน,■,■,■
อุปกรณ์ภายใน,ระบบกล้องภายในรถ,■,■,■
ระบบความบันเทิงและการสื่อสาร,BMW Live Cockpit Professional,■,■,■
ระบบความบันเทิงและการสื่อสาร,ระบบเครื่องเสียง HiFi loudspeaker Harman Kardon,■,■,-
ระบบความบันเทิงและการสื่อสาร,ระบบเสียงรอบทิศทางคุณภาพสูง Bowers & Wilkins,-,-,■
ระบบความบันเทิงและการสื่อสาร,ระบบจำลองเสียงเครื่องยนต์ Iconic sounds electric,■,-,■
ระบบความบันเทิงและการสื่อสาร,ระบบ BMW ConnectedDrive,■,■,■
ระบบความบันเทิงและการสื่อสาร,ระบบ BMW Connected Package Professional,■,■,■
ระบบความบันเทิงและการสื่อสาร,ระบบเชื่อมต่อ Smartphone,■,■,■
ระบบความบันเทิงและการสื่อสาร,ระบบ eSIM ส่วนบุคคล (Personal eSIM),■,■,■
ระบบความบันเทิงและการสื่อสาร,ระบบชาร์จโทรศัพท์แบบไร้สาย,■,■,■
ความปลอดภัย,ถุงลมนิรภัยสำหรับคนขับและผู้โดยสารตอนหน้า,■,■,■
ความปลอดภัย,ถุงลมนิรภัยด้านข้างสำหรับคนขับและผู้โดยสารตอนหน้า,■,■,■
ความปลอดภัย,ถุงลมนิรภัยกลางห้องโดยสาร (บริเวณเบาะคนขับ),■,■,■
ความปลอดภัย,ถุงลมนิรภัยศีรษะสำหรับผู้โดยสารตอนหน้าและหลัง (ยกเว้นผู้โดยสารตอนหลังกลาง),■,■,■
ความปลอดภัย,ระบบ Teleservices,■,■,■
ความปลอดภัย,ปุ่มโทรออกฉุกเฉิน (Intelligent Emergency Call),■,■,■
ความปลอดภัย,ระบบควบคุมเสถียรภาพการขับขี่ (DSC),■,■,■
ความปลอดภัย,ระบบป้องกันล้อล็อกขณะเบรก (ABS),■,■,■
ความปลอดภัย,ระบบช่วยเสริมแรงเบรกอัตโนมัติ (Brake Assist),■,■,■
ความปลอดภัย,ไฟเบรกกระพริบฉุกเฉิน (Dynamic Braking Lights),■,■,■
ความปลอดภัย,ระบบควบคุมการกระจายแรงเบรกขณะเข้าโค้ง (CBC),■,■,■
ความปลอดภัย,เซนเซอร์ควบคุมระบบความปลอดภัยเมื่อเกิดการชน (Crash Sensor),■,■,■
ความปลอดภัย,ระบบ Active Protection,■,■,■
ความปลอดภัย,ระบบช่วยเตือนอาการเหนื่อยล้าขณะขับขี่ (Attentiveness Assistant),■,■,■
ความปลอดภัย,เซนเซอร์ควบคุมระยะการจอดด้านหน้าและหลัง,■,■,■
ความปลอดภัย,ระบบสร้างเสียงจำลอง เตือนผู้ใช้ถนนรอบข้าง,■,-,■
ความปลอดภัย,ระบบตรวจวัดลมยาง,■,■,■
ความปลอดภัย,ชุดปะยางฉุกเฉินรุ่น Plus,■,■,■
ความปลอดภัย,ป้ายสามเหลี่ยมเตือนสะท้อนแสง,■,■,■
ความปลอดภัย,ระบบเตือนรถออกนอกเลนพร้อมช่วยนำรถกลับเข้าเลน,■,■,■
ความปลอดภัย,ระบบเตือนการชนคนเดินถนนและจักรยานด้านหน้าพร้อมระบบช่วยเบรค,■,■,■
ความปลอดภัย,ระบบเตือนการเปลี่ยนเลนพร้อมช่วยนำรถกลับเข้าเลน,■,■,■
ความปลอดภัย,ระบบเตือนการจราจรด้านหลัง,■,■,■
ความปลอดภัย,ระบบป้องกันการชนด้านหลัง,■,■,■
ความปลอดภัย,ระบบช่วยเตือนก่อนออกจากรถ,■,■,■
ความปลอดภัย,ระบบช่วยควบคุมรถให้อยู่ในช่องทางเดินรถ,-,-,■
ความปลอดภัย,ระบบควบคุมความเร็วอัตโนมัติ พร้อมฟังก์ชัน Stop&Go,-,-,■
ความปลอดภัย,ระบบช่วยหยุดรถฉุกเฉิน,-,-,■
ความปลอดภัย,ระบบช่วยเปลี่ยนช่องทางเดินรถ,-,-,■
ความปลอดภัย,ระบบเตือนการจราจรด้านหน้าและหลัง,-,-,■
ความปลอดภัย,ระบบช่วยหลบหลีกฉุกเฉิน,-,-,■
ชุดตกแต่งพิเศษ,ชุดตกแต่ง M Sport,-,■,■
Paintwork / สีตัวถังและวัสดุภายใน,Black Sapphire Metallic,Veganza perforated and quilted - Espresso Brown,Veganza perforated and quilted - Espresso Brown,BMW Individual leather 'Merino' - Copper Brown/Atlas Grey
Paintwork / สีตัวถังและวัสดุภายใน,Mineral White Metallic,Veganza perforated and quilted - Espresso Brown,Veganza perforated and quilted - Espresso Brown,BMW Individual leather 'Merino' - Copper Brown/Atlas Grey
Paintwork / สีตัวถังและวัสดุภายใน,Cape York Green Metallic,Veganza perforated and quilted - Black,Veganza perforated and quilted - Black,BMW Individual leather 'Merino' - Black/Atlas Grey
Paintwork / สีตัวถังและวัสดุภายใน,Oxide Grey Metallic,Veganza perforated and quilted - Espresso Brown,-,-
Paintwork / สีตัวถังและวัสดุภายใน,Brooklyn Grey Metallic,-,Veganza perforated and quilted - Espresso Brown,BMW Individual leather 'Merino' - Copper Brown/Atlas Grey
Paintwork / สีตัวถังและวัสดุภายใน,Phytonic Blue Metallic,-,Veganza perforated and quilted - Black,BMW Individual leather 'Merino' - Black/Atlas Grey
ข้อมูลเอกสารอ้างอิง,วันที่พิมพ์เอกสาร,25 กันยายน 2568,25 กันยายน 2568,25 กันยายน 2568
ข้อมูลเอกสารอ้างอิง,รหัสแพ็กเกจ (Local Pack),"(ZJT, ZKO, ZLE)","(ZJR, ZKP)","(ZJQ, ZLB)"
