Category,Topic,Z4 sDrive30i M Sport,Z4 M40i
เครื่องยนต์และสมรรถนะ,ชนิดเครื่องยนต์,เครื่องยนต์เบนซิน 4 สูบ เทคโนโลยี BMW TwinPower Turbo,เครื่องยนต์เบนซิน 6 สูบ เทคโนโลยี BMW TwinPower Turbo
เครื่องยนต์และสมรรถนะ,ปริมาตรกระบอกสูบ (ลูกบาศก์เซนติเมตร),"1,998","2,998"
เครื่องยนต์และสมรรถนะ,กำลังสูงสุด (กิโลวัตต์/แรงม้า/รอบต่อนาที),"190 / 258 / 5,000 - 6,500","285 / 387 / 5,800 - 6,500"
เครื่องยนต์และสมรรถนะ,แรงบิดสูงสุด (นิวตันเมตร/รอบต่อนาที),"400 / 1,550 - 4,400","500 / 1,800 - 5,000"
เครื่องยนต์และสมรรถนะ,ความเร็วสูงสุด (กิโลเมตร/ชั่วโมง),250,250
เครื่องยนต์และสมรรถนะ,อัตราเร่ง 0 - 100 กิโลเมตร/ชั่วโมง (วินาที),5.4,4.1
อัตราสิ้นเปลืองน้ำมันเชื้อเพลิง และระดับการปล่อย CO2,อัตราสิ้นเปลืองน้ำมันเชื้อเพลิงเฉลี่ย - อ้างอิงผล ECO Sticker (กิโลเมตร/ลิตร),15.9,13.3
อัตราสิ้นเปลืองน้ำมันเชื้อเพลิง และระดับการปล่อย CO2,ระดับการปล่อย CO2 เฉลี่ย (กรัม/กิโลเมตร),150,171
ล้อและยาง,ล้อ,ล้ออัลลอย M ขนาด 19 นิ้ว ลาย Double-spoke แบบสลับสี,ล้ออัลลอย M ขนาด 19 นิ้ว ลาย Double-spoke แบบสลับสี
ล้อและยาง,ขนาดยาง,ล้อหน้า: 9 J x 19 / ยาง 255/35 R 19 ล้อหลัง: 10 J x 19 / ยาง 275/35 R 19,ล้อหน้า: 9 J x 19 / ยาง 255/35 R 19 ล้อหลัง: 10 J x 19 / ยาง 275/35 R 19
มิติรถยนต์,มิติรถยนต์ ยาว/กว้าง/สูง (มิลลิเมตร),"4,234 / 1,864 / 1,304","4,234 / 1,864 / 1,304"
มิติรถยนต์,ปริมาตรในการบรรจุของ (ลิตร),281,281
มิติรถยนต์,น้ำหนักรถสุทธิ (กิโลกรัม),"1,505","1,610"
ระบบขับเคลื่อนและเทคโนโลยี,เกียร์อัตโนมัติ 8 จังหวะ แบบ Sport Steptronic,■,■
ระบบขับเคลื่อนและเทคโนโลยี,ระบบเฟืองท้าย M Sport,-,■
ระบบขับเคลื่อนและเทคโนโลยี,ช่วงล่าง Adaptive M,-,■
ระบบขับเคลื่อนและเทคโนโลยี,ช่วงล่าง M Sport,■,-
ระบบขับเคลื่อนและเทคโนโลยี,พวงมาลัยไฟฟ้าแปรผันตามการหมุนและความเร็ว,■,■
ระบบขับเคลื่อนและเทคโนโลยี,ระบบควบคุมความเร็วอัตโนมัติ พร้อมฟังก์ชัน Stop&Go (Active cruise control with Stop&Go function),■,■
ระบบขับเคลื่อนและเทคโนโลยี,ระบบ BMW Head-up Display,-,■
ระบบขับเคลื่อนและเทคโนโลยี,ระบบช่วยนำรถเข้าที่จอดอัตโนมัติ พร้อมกล้องแสดงภาพด้านหลัง (Parking Assistant with Rear view camera),■,■
ระบบขับเคลื่อนและเทคโนโลยี,ระบบตัดการทำงานเครื่องยนต์อัตโนมัติ,■,■
ระบบขับเคลื่อนและเทคโนโลยี,ระบบไฟส่องทางหลังดับเครื่อง,■,■
ระบบขับเคลื่อนและเทคโนโลยี,ระบบไฟ Welcome light,■,■
อุปกรณ์ภายนอก,ระบบไฟหน้า LED อัจฉริยะ (Adaptive LED),■,■
อุปกรณ์ภายนอก,ระบบปรับการทำงานไฟสูงอัตโนมัติ (High-beam Assistant),■,■
อุปกรณ์ภายนอก,คาลิเปอร์เบรกดีไซน์ M Sport,■,■
อุปกรณ์ภายนอก,ระบบปลดล็อกประตูอัจฉริยะ (Comfort Access System),■,■
อุปกรณ์ภายนอก,ชุดตกแต่ง M Aerodynamics,■,■
อุปกรณ์ภายนอก,ภายนอกตกแต่งด้วยวัสดุสีดำเงา,-,■
อุปกรณ์ภายใน,กระจกมองข้างและกระจกมองหลังตัดแสงอัตโนมัติ,■,■
อุปกรณ์ภายใน,เบาะนั่งหนังแท้ Vernasca,■,■
อุปกรณ์ภายใน,เบาะนั่งตอนหน้าปรับไฟฟ้าพร้อมระบบจำตำแหน่งเฉพาะฝั่งคนขับ,■,■
อุปกรณ์ภายใน,พวงมาลัยหุ้มหนังดีไซน์ M Sport,■,■
อุปกรณ์ภายใน,เข็มขัดนิรภัยดีไซน์ M,-,■
อุปกรณ์ภายใน,คอนโซลด้านบนบุด้วยหนัง Sensatec,■,■
อุปกรณ์ภายใน,ชุดไฟส่องสว่างภายในและนอกห้องโดยสาร,■,■
อุปกรณ์ภายใน,ภายในตกแต่งด้วยอะลูมิเนียมลาย Tetragon,■,■
อุปกรณ์ภายใน,ระบบปรับอากาศอัตโนมัติแบบ 2 โซน,■,■
อุปกรณ์ภายใน,ฟังก์ชันช่วยการจัดเก็บสัมภาระ,■,■
ระบบความบันเทิงและการสื่อสาร,BMW Live Cockpit Professional,■,■
ระบบความบันเทิงและการสื่อสาร,ระบบ BMW ConnectedDrive,■,■
ระบบความบันเทิงและการสื่อสาร,ระบบเสียง HiFi loudspeaker,■,-
ระบบความบันเทิงและการสื่อสาร,ระบบเสียงรอบทิศทาง Harman Kardon,-,■
ระบบความบันเทิงและการสื่อสาร,ระบบเชื่อมต่อ Smartphone,■,■
ความปลอดภัย,ถุงลมนิรภัยสำหรับคนขับและผู้โดยสารตอนหน้า,■,■
ความปลอดภัย,ถุงลมนิรภัยด้านข้างสำหรับคนขับและผู้โดยสารตอนหน้า,■,■
ความปลอดภัย,ระบบ Teleservices,■,■
ความปลอดภัย,ปุ่มโทรออกฉุกเฉิน (Intelligent Emergency Call),■,■
ความปลอดภัย,ระบบควบคุมเสถียรภาพการขับขี่ (DSC),■,■
ความปลอดภัย,ระบบควบคุมการยึดเกาะถนน (DTC),■,■
ความปลอดภัย,ระบบป้องกันล้อล็อกขณะเบรก (ABS),■,■
ความปลอดภัย,ไฟเบรกกระพริบฉุกเฉิน (Dynamic Braking Lights),■,■
ความปลอดภัย,เซนเซอร์ควบคุมระบบความปลอดภัยเมื่อเกิดการชน (Crash Sensor),■,■
ความปลอดภัย,ระบบป้องกันการกระแทกจากด้านข้าง (Side Impact Protection),■,■
ความปลอดภัย,ระบบป้องกันการกระแทกศีรษะในกรณีรถพลิกคว่ำ,■,■
ความปลอดภัย,ระบบตรวจวัดลมยาง,■,■
ความปลอดภัย,ชุดปะยางฉุกเฉิน,■,■
ชุดตกแต่งพิเศษ,ชุดตกแต่ง M Sport,■,-
Paintwork / สีตัวถังและวัสดุภายใน,Alpine White Solid,Leather 'Vernasca' - Magma Red decor stitching | Black,Leather 'Vernasca' - Magma Red decor stitching | Black
Paintwork / สีตัวถังและวัสดุภายใน,Black Sapphire Metallic,Leather 'Vernasca' - Magma Red decor stitching | Black,Leather 'Vernasca' - Magma Red decor stitching | Black
Paintwork / สีตัวถังและวัสดุภายใน,Frozen Grey II Metallic,-,Leather 'Vernasca' - Magma Red decor stitching | Black
Paintwork / สีตัวถังและวัสดุภายใน,San Francisco Red Metallic,Leather 'Vernasca' - Black decor stitching | Black,Leather 'Vernasca' - Black decor stitching | Black
Paintwork / สีตัวถังและวัสดุภายใน,Thundernight Metallic,Leather 'Vernasca' - Black decor stitching | Black,Leather 'Vernasca' - Black decor stitching | Black
Paintwork / สีตัวถังและวัสดุภายใน,Skyscraper Grey Metallic,Leather 'Vernasca' - Magma Red decor stitching | Black,Leather 'Vernasca' - Magma Red decor stitching | Black
Paintwork / สีตัวถังและวัสดุภายใน,San Remo Green Metallic,Leather 'Vernasca' - Black decor stitching | Black,Leather 'Vernasca' - Black decor stitching | Black
Paintwork / สีตัวถังและวัสดุภายใน,Frozen Deep Green II Metallic,-,Leather 'Vernasca' - Black decor stitching | Black
ข้อมูลเอกสารอ้างอิง,วันที่พิมพ์เอกสาร,10 มิถุนายน 2567,10 มิถุนายน 2567
ข้อมูลเอกสารอ้างอิง,รหัสแพ็กเกจ (Local Pack),(Z5L),(Z5X)
หมายเหตุ,"* รับสิทธิ์เลือกแพคเกจการรับประกันนานสูงสุด 5 ปี ไม่จำกัดระยะทาง และการบริการดูแลบำรุงรักษานานสูงสุด 5 ปี หรือ 100,000 กม. (แล้วแต่ระยะใดถึงก่อน)",-,-
หมายเหตุ,"บริษัทฯ ขอสงวนสิทธิ์ในการเปลี่ยนแปลงข้อมูลไม่ว่าจะเป็นข้อกำหนดเรื่องรายละเอียด, สเปค และรุ่น ณ เวลาใดๆ โดยไม่ต้องบอกกล่าวล่วงหน้า และไม่จัดอยู่ในความรับผิดชอบในกรณีที่มีการผิดพลาดทางการพิมพ์",-,-
