Category,Topic,420i Coupé M Sport,430i Coupé M Sport,M440i xDrive
เครื่องยนต์และสมรรถนะ,ชนิดเครื่องยนต์,เครื่องยนต์เบนซิน 4 สูบ เทคโนโลยี BMW TwinPower Turbo,เครื่องยนต์เบนซิน 4 สูบ เทคโนโลยี BMW TwinPower Turbo,เครื่องยนต์เบนซิน 6 สูบ เทคโนโลยี BMW TwinPower Turbo
เครื่องยนต์และสมรรถนะ,ปริมาตรกระบอกสูบ (ลูกบาศก์เซนติเมตร),"1,998","1,998","2,998"
เครื่องยนต์และสมรรถนะ,กำลังสูงสุด (กิโลวัตต์/แรงม้า/รอบต่อนาที),"135 / 184 / 5,000 - 6,500","190 / 258 / 5,000 - 6,500","285 / 387 / 5,800 - 6,500"
เครื่องยนต์และสมรรถนะ,แรงบิดสูงสุด (นิวตันเมตร/รอบต่อนาที),"300 / 1,350 - 4,000","400 / 1,550 - 4,400","500 / 1,800 - 5,000"
เครื่องยนต์และสมรรถนะ,ความเร็วสูงสุด (กิโลเมตร/ชั่วโมง),240,250,250
เครื่องยนต์และสมรรถนะ,อัตราเร่ง 0 - 100 กิโลเมตร/ชั่วโมง (วินาที),7.5,5.8,4.5
ล้อและยาง,ล้อ,ล้ออัลลอย M ขนาด 18 นิ้ว ลาย Double-spoke แบบสลับสี,ล้ออัลลอย M ขนาด 19 นิ้วลาย Double-spoke แบบสลับสี,ล้ออัลลอย M ขนาด 19 นิ้ว ลาย Double-spoke สี Jet Black
ล้อและยาง,ขนาดยาง,7.5J × 18 / ยาง 225/40 R18,ล้อหน้า: 8 J × 19 / ยาง 225/40 R19ล้อหลัง: 8.5 J × 19 / ยาง 255/35 R19,ล้อหน้า: 8J × 19 / ยาง225/40 R19ล้อหลัง: 8.5J × 19 / ยาง 255/35 R19
ล้อและยาง,ยาง Runflat,■,■,-
มิติรถยนต์,มิติรถยนต์ ยาว/กว้าง/สูง (มิลลิเมตร),"4,768 / 1,852 / 1,383","4,768 / 1,852 / 1,383","4,770 / 1,852 / 1,393"
มิติรถยนต์,ปริมาตรในการบรรจุของ (ลิตร),440,440,440
มิติรถยนต์,น้ำหนักรถสุทธิ (กิโลกรัม),"1,600","1,620","1,815"
ระบบขับเคลื่อนและเทคโนโลยี,เกียร์อัตโนมัติ 8 จังหวะ แบบ Steptronicพร้อม Gearshift Paddles,■,-,-
ระบบขับเคลื่อนและเทคโนโลยี,เกียร์อัตโนมัติ 8 จังหวะ แบบ Sport Steptronicพร้อม Gearshift Paddles,-,■,■
ระบบขับเคลื่อนและเทคโนโลยี,ช่วงล่าง Adaptive M,-,-,■
ระบบขับเคลื่อนและเทคโนโลยี,ช่วงล่าง M Sport,■,■,-
ระบบขับเคลื่อนและเทคโนโลยี,ระบบเฟืองท้าย M Sport,-,-,■
ระบบขับเคลื่อนและเทคโนโลยี,พวงมาลัยไฟฟ้าแปรผันตามการหมุนและความเร็ว,■,■,■
ระบบขับเคลื่อนและเทคโนโลยี,ระบบควบคุมความเร็วอัตโนมัติ พร้อมฟังก์ชัน Stop&Go(Active cruise control with Stop&Go function),■,■,■
ระบบขับเคลื่อนและเทคโนโลยี,ระบบช่วยการขับขี่ (Driving Assistant),■,■,■
ระบบขับเคลื่อนและเทคโนโลยี,ระบบช่วยนำรถเข้าที่จอดอัตโนมัติ (Parking Assistant),■,-,-
ระบบขับเคลื่อนและเทคโนโลยี,ระบบช่วยนำรถเข้าที่จอดอัตโนมัติ รุ่น Plus(Parking Assistant Plus),-,■,■
อุปกรณ์ภายนอก,ระบบไฟหน้าแบบ LED,■,-,-
อุปกรณ์ภายนอก,ระบบไฟหน้า LED อัจฉริยะ (Adaptive LED),-,■,■
อุปกรณ์ภายนอก,คลิปเปอร์เบรกดีไซน์ M Sport,■,■,-
อุปกรณ์ภายนอก,คลิปเปอร์เบรกดีไซน์ M Sport สีแดงเงา,-,-,■
อุปกรณ์ภายนอก,ระบบปรับการทำงานไฟสูงอัตโนมัติ (High-beam Assistant),■,■,■
อุปกรณ์ภายนอก,ระบบปลดล็อกประตูอัจฉริยะ (Comfort Access System),■,■,■
อุปกรณ์ภายนอก,หลังคากระจกเปิด-ปิดด้วยระบบไฟฟ้า,-,■,■
อุปกรณ์ภายนอก,ชุดตกแต่ง M Aerodynamics,■,■,■
อุปกรณ์ภายนอก,โคมไฟหน้าตกแต่งดีไซน์ M สีดำ (M Lights Shadow Line),-,-,■
อุปกรณ์ภายนอก,ระบบเปิด-ปิดบานประตูท้ายอัตโนมัติด้วยระบบไฟฟ้า,■,■,■
อุปกรณ์ภายนอก,ภายนอกตกแต่งด้วยชุดแต่ง M สีดำเงา,■,■,■
อุปกรณ์ภายนอก,สปอยเลอร์ท้ายดีไซน์ M,-,-,■
อุปกรณ์ภายใน,กระจกมองข้างฝั่งคนขับและกระจกมองหลังตัดแสงอัตโนมัติ,■,■,■
อุปกรณ์ภายใน,เบาะนั่งตอนหน้าแบบ M Sport,-,-,■
อุปกรณ์ภายใน,พนักพิงฝั่งคนขับปรับความกว้างได้,■,■,-
อุปกรณ์ภายใน,เบาะนั่งตอนหน้าปรับไฟฟ้าพร้อมระบบจำตำแหน่งเฉพาะฝั่งคนขับ,■,■,■
อุปกรณ์ภายใน,เบาะนั่งตอนหน้าปรับช่วงหลังล่างได้,-,■,■
อุปกรณ์ภายใน,พวงมาลัยหุ้มหนังดีไซน์ M,■,■,-
อุปกรณ์ภายใน,พวงมาลัยหุ้มหนังดีไซน์ M แบบ M Performance,-,-,■
อุปกรณ์ภายใน,คอนโซลด้านบนแบบ Luxury,■,■,■
อุปกรณ์ภายใน,เข็มขัดนิรภัยดีไซน์ M,-,-,■
อุปกรณ์ภายใน,ชุดไฟส่องสว่างภายในและภายนอกห้องโดยสาร (Ambient Light),■,■,■
อุปกรณ์ภายใน,เพดานหลังคาภายในสี Anthracite,■,■,■
อุปกรณ์ภายใน,ระบบปรับอากาศอัตโนมัติ,■,■,■
อุปกรณ์ภายใน,ภายในตกแต่งดีไซน์ M ด้วยวัสดุอะลูมิเนียมแบบ Fine-Brushed,■,-,-
อุปกรณ์ภายใน,ภายในตกแต่งด้วยวัสดุ Carbon Fibre,-,■,■
อุปกรณ์ภายใน,ฟังก์ชันช่วยการจัดเก็บสัมภาระ,■,■,■
อุปกรณ์ภายใน,แผงควบคุมแบบ Galvanic,■,■,■
ระบบความบันเทิงและการสื่อสาร,BMW Live Cockpit Plus,■,-,-
ระบบความบันเทิงและการสื่อสาร,BMW Live Cockpit Professional,-,■,■
ระบบความบันเทิงและการสื่อสาร,ระบบ BMW Connected Package Professional,■,■,■
ระบบความบันเทิงและการสื่อสาร,ระบบ BMW ConnectedDrive,■,■,■
ระบบความบันเทิงและการสื่อสาร,ระบบเครื่องเสียง HiFi loudspeaker,■,-,-
ระบบความบันเทิงและการสื่อสาร,ระบบเครื่องเสียงรอบทิศทาง Harman Kardon,-,■,■
ระบบความบันเทิงและการสื่อสาร,ระบบชาร์จโทรศัพท์แบบไร้สาย,■,■,■
ระบบความบันเทิงและการสื่อสาร,ระบบเชื่อมต่อ Smartphone,■,■,■
ความปลอดภัย,ถุงลมนิรภัยสำหรับคนขับและผู้โดยสารตอนหน้า,■,■,■
ความปลอดภัย,ถุงลมนิรภัยด้านข้างสำหรับคนขับและผู้โดยสารตอนหน้า,■,■,■
ความปลอดภัย,ถุงลมนิรภัยศีรษะสำหรับผู้โดยสารตอนหน้าและหลัง (ยกเว้นผู้โดยสารตอนหลังกลาง),■,■,■
ความปลอดภัย,ระบบ Teleservices,■,■,■
ความปลอดภัย,ปุ่มโทรออกฉุกเฉิน (Intelligent Emergency Call),■,■,■
ความปลอดภัย,ระบบควบคุมเสถียรภาพการขับขี่ (DSC),■,■,■
ความปลอดภัย,ระบบควบคุมการยึดเกาะถนน (DTC),■,■,■
ความปลอดภัย,ระบบป้องกันล้อล็อกขณะเบรก (ABS),■,■,■
ความปลอดภัย,ระบบช่วยเสริมแรงเบรกอัตโนมัติ (Brake Assist),■,■,■
ความปลอดภัย,ระบบควบคุมการกระจายแรงเบรกขณะเข้าโค้ง (CBC),■,■,■
ความปลอดภัย,เซนเซอร์ควบคุมระบบความปลอดภัยเมื่อเกิดการชน (Crash Sensor),■,■,■
ความปลอดภัย,เซนเซอร์ควบคุมระยะการจอดด้านหน้าและหลัง,■,■,■
ความปลอดภัย,ระบบตรวจวัดลมยาง,■,■,■
ความปลอดภัย,ป้ายสามเหลี่ยมเตือนสะท้อนแสง,■,■,■
ความปลอดภัย,ชุดปะยางฉุกเฉิน,-,-,■
ชุดตกแต่งพิเศษ,ชุดตกแต่ง M Sport,■,■,-
ชุดตกแต่งพิเศษ,ชุดตกแต่ง M Sport Pro,-,-,■
Paintwork / สีตัวถังและวัสดุภายใน,Mineral White Metallic,Leather 'Vernasca' - Black/Red highlight,Leather 'Vernasca' - Black/Red highlight,Leather 'Vernasca' - Black/Red highlight
Paintwork / สีตัวถังและวัสดุภายใน,Black Sapphire Metallic,Leather 'Vernasca' - Black/Red highlight,Leather 'Vernasca' - Black/Red highlight,Leather 'Vernasca' - Black/Red highlight
Paintwork / สีตัวถังและวัสดุภายใน,Brooklyn Grey Metallic,Leather 'Vernasca' - Black/Red highlight,Leather 'Vernasca' - Black/Red highlight,Leather 'Vernasca' - Black/Red highlight
Paintwork / สีตัวถังและวัสดุภายใน,Fire Red Metallic,-,-,Leather 'Vernasca' - Black/Red highlight
Paintwork / สีตัวถังและวัสดุภายใน,Dravit Grey Metallic,Leather 'Vernasca' - Black/Red highlight,Leather 'Vernasca' - Black/Red highlight,-
Paintwork / สีตัวถังและวัสดุภายใน,Arctic Race Blue Metallic,Leather 'Vernasca' - Mocha decor stitching,Leather 'Vernasca' - Mocha decor stitching,-
Paintwork / สีตัวถังและวัสดุภายใน,Cape York Green Metallic,Leather 'Vernasca' - Mocha decor stitching,Leather 'Vernasca' - Mocha decor stitching,-
ข้อมูลเอกสารอ้างอิง,วันที่พิมพ์เอกสาร,18 กุมภาพันธ์ 2568,18 กุมภาพันธ์ 2568,18 กุมภาพันธ์ 2568
ข้อมูลเอกสารอ้างอิง,รหัสแพ็กเกจ (Local Pack),"(Z0X, Z0V)",(Z0Y),"(Z0Z, Z8Y)"
อัตราสิ้นเปลืองน้ำมันเชื้อเพลิง และระดับการปล่อย CO2,อัตราสิ้นเปลืองน้ำมันเชื้อเพลิงเฉลี่ย - อ้างอิงผล ECO Sticker (กิโลเมตร/ลิตร),15.6,15.2,12.8
อัตราสิ้นเปลืองน้ำมันเชื้อเพลิง และระดับการปล่อย CO2,ระดับการปล่อย CO2เฉลี่ย (กรัม/กิโลเมตร),145,150,178
